{"cameraMode":{"drawMode":0,"name":"Shaded","section":"Shading Mode"},"sceneLighting":false,"audioPlay":false,"sceneViewState":{"m_AlwaysRefresh":false,"showFog":true,"showSkybox":false,"showFlares":true,"showImageEffects":true,"showParticleSystems":true,"showVisualEffectGraphs":true,"m_FxEnabled":true},"in2DMode":false,"pivot":{"x":0.23000000417232514,"y":1.3700000047683716,"z":2.8399999141693117},"rotation":{"x":-0.3492893874645233,"y":-0.030636772513389589,"z":0.011422444134950638,"w":-0.9364521503448486},"size":0.17320504784584046,"orthographic":false}